{
    "urxi_": 1262.151114,
    "streamelements": 983.9780000000001
}